to,subject,body,company_name,score,industry,funding_stage,website
founders@example.com,Helping Series A companies scale their digital presence,"Hi there,

Congrats on your Series A round of $8M! I came across TechFlow AI and was impressed by what you're building in the SaaS space.

As you scale post-funding, your digital presence becomes crucial. We're ElevatedPixels, and we specialize in building high-performance web experiences for funded startups like yours.

Here's what we bring to the table:
â€¢ Strategic web design that converts visitors into users
â€¢ Lightning-fast, scalable architecture (React, Vue, modern stacks)
â€¢ Zero technical debt â€“ built for growth from day one

We've helped companies at your stage:
âœ“ Reduce page load times by 50%+
âœ“ Improve conversion rates with data-driven UX
âœ“ Build platforms that scale with their growth

Would you be open to a quick 15-minute call to explore how we can support TechFlow AI's next chapter?

Best,
Jeet & Prince
ElevatedPixels
https://elevatedpixels.app

P.S. We're currently working with [similar company] and [similar company]. Happy to share case studies if interested.
",TechFlow AI,105,SaaS,Series A,https://example-techflow.com
hello@example.com,Helping Series B companies scale their digital presence,"Hi there,

Congrats on your Series B round of $15M! I came across EduLearn Platform and was impressed by what you're building in the EdTech space.

As you scale post-funding, your digital presence becomes crucial. We're ElevatedPixels, and we specialize in building high-performance web experiences for funded startups like yours.

Here's what we bring to the table:
â€¢ Strategic web design that converts visitors into users
â€¢ Lightning-fast, scalable architecture (React, Vue, modern stacks)
â€¢ Zero technical debt â€“ built for growth from day one

We've helped companies at your stage:
âœ“ Reduce page load times by 50%+
âœ“ Improve conversion rates with data-driven UX
âœ“ Build platforms that scale with their growth

Would you be open to a quick 15-minute call to explore how we can support EduLearn Platform's next chapter?

Best,
Jeet & Prince
ElevatedPixels
https://elevatedpixels.app

P.S. We're currently working with [similar company] and [similar company]. Happy to share case studies if interested.
",EduLearn Platform,100,EdTech,Series B,https://example-edulearn.com
info@example.com,Helping Series A companies scale their digital presence,"Hi there,

Congrats on your Series A round of $12M! I came across FinanceFlow and was impressed by what you're building in the FinTech space.

As you scale post-funding, your digital presence becomes crucial. We're ElevatedPixels, and we specialize in building high-performance web experiences for funded startups like yours.

Here's what we bring to the table:
â€¢ Strategic web design that converts visitors into users
â€¢ Lightning-fast, scalable architecture (React, Vue, modern stacks)
â€¢ Zero technical debt â€“ built for growth from day one

We've helped companies at your stage:
âœ“ Reduce page load times by 50%+
âœ“ Improve conversion rates with data-driven UX
âœ“ Build platforms that scale with their growth

Would you be open to a quick 15-minute call to explore how we can support FinanceFlow's next chapter?

Best,
Jeet & Prince
ElevatedPixels
https://elevatedpixels.app

P.S. We're currently working with [similar company] and [similar company]. Happy to share case studies if interested.
",FinanceFlow,80,FinTech,Series A,https://example-financeflow.com
team@example.com,"Congrats on the Seed round, HealthSync Pro","Hi there,

Congrats on your Seed round of $2.5M! I came across HealthSync Pro and was impressed by what you're building in the HealthTech space.

As you scale post-funding, your digital presence becomes crucial. We're ElevatedPixels, and we specialize in building high-performance web experiences for funded startups like yours.

Here's what we bring to the table:
â€¢ Strategic web design that converts visitors into users
â€¢ Lightning-fast, scalable architecture (React, Vue, modern stacks)
â€¢ Zero technical debt â€“ built for growth from day one

We've helped companies at your stage:
âœ“ Reduce page load times by 50%+
âœ“ Improve conversion rates with data-driven UX
âœ“ Build platforms that scale with their growth

Would you be open to a quick 15-minute call to explore how we can support HealthSync Pro's next chapter?

Best,
Jeet & Prince
ElevatedPixels
https://elevatedpixels.app

P.S. We're currently working with [similar company] and [similar company]. Happy to share case studies if interested.
",HealthSync Pro,60,HealthTech,Seed,https://example-healthsync.com
contact@example.com,ShopLocal Hub's growth + ElevatedPixels = ðŸš€,"Hi there,

Congrats on your Seed round of $3M! I came across ShopLocal Hub and was impressed by what you're building in the E-commerce space.

As you scale post-funding, your digital presence becomes crucial. We're ElevatedPixels, and we specialize in building high-performance web experiences for funded startups like yours.

Here's what we bring to the table:
â€¢ Strategic web design that converts visitors into users
â€¢ Lightning-fast, scalable architecture (React, Vue, modern stacks)
â€¢ Zero technical debt â€“ built for growth from day one

We've helped companies at your stage:
âœ“ Reduce page load times by 50%+
âœ“ Improve conversion rates with data-driven UX
âœ“ Build platforms that scale with their growth

Would you be open to a quick 15-minute call to explore how we can support ShopLocal Hub's next chapter?

Best,
Jeet & Prince
ElevatedPixels
https://elevatedpixels.app

P.S. We're currently working with [similar company] and [similar company]. Happy to share case studies if interested.
",ShopLocal Hub,60,E-commerce,Seed,https://example-shoplocal.com
,Building better web experiences for Tech/SaaS companies,"Hi,

I've been following stagecaptions.io and love what you're doing in Tech/SaaS.

I'm reaching out because we work with companies like yours to build web experiences that actually drive business results. We're ElevatedPixels â€“ a web development studio that bridges the gap between great design and solid engineering.

What sets us apart:
â€¢ We don't just build websites; we engineer digital ecosystems
â€¢ Modern tech stack (React, Vue, WebGL) for speed and scalability
â€¢ Strategy-first approach â€“ form follows function

Quick question: Are you currently happy with your website's performance and conversion rates?

If not, I'd love to share how we've helped similar companies in Tech/SaaS:
âœ“ 50%+ faster load times
âœ“ 2x improvement in user retention
âœ“ 100% scalable architecture

Would a quick 15-minute call make sense to explore potential synergies?

Best,
Jeet & Prince
ElevatedPixels
https://elevatedpixels.app

P.S. No sales pitch â€“ just genuinely curious about your current challenges and happy to offer insights.
",stagecaptions.io,40,Tech/SaaS,Launch,https://www.producthunt.com/r/p/1069661?app_id=339
,Quick question about GitBoard's digital strategy,"Hi,

I've been following GitBoard and love what you're doing in Tech/SaaS.

I'm reaching out because we work with companies like yours to build web experiences that actually drive business results. We're ElevatedPixels â€“ a web development studio that bridges the gap between great design and solid engineering.

What sets us apart:
â€¢ We don't just build websites; we engineer digital ecosystems
â€¢ Modern tech stack (React, Vue, WebGL) for speed and scalability
â€¢ Strategy-first approach â€“ form follows function

Quick question: Are you currently happy with your website's performance and conversion rates?

If not, I'd love to share how we've helped similar companies in Tech/SaaS:
âœ“ 50%+ faster load times
âœ“ 2x improvement in user retention
âœ“ 100% scalable architecture

Would a quick 15-minute call make sense to explore potential synergies?

Best,
Jeet & Prince
ElevatedPixels
https://elevatedpixels.app

P.S. No sales pitch â€“ just genuinely curious about your current challenges and happy to offer insights.
",GitBoard,40,Tech/SaaS,Launch,https://www.producthunt.com/r/p/1074100?app_id=339
,Quick question about Developer Docs Audit's digital strategy,"Hi,

I've been following Developer Docs Audit and love what you're doing in Tech/SaaS.

I'm reaching out because we work with companies like yours to build web experiences that actually drive business results. We're ElevatedPixels â€“ a web development studio that bridges the gap between great design and solid engineering.

What sets us apart:
â€¢ We don't just build websites; we engineer digital ecosystems
â€¢ Modern tech stack (React, Vue, WebGL) for speed and scalability
â€¢ Strategy-first approach â€“ form follows function

Quick question: Are you currently happy with your website's performance and conversion rates?

If not, I'd love to share how we've helped similar companies in Tech/SaaS:
âœ“ 50%+ faster load times
âœ“ 2x improvement in user retention
âœ“ 100% scalable architecture

Would a quick 15-minute call make sense to explore potential synergies?

Best,
Jeet & Prince
ElevatedPixels
https://elevatedpixels.app

P.S. No sales pitch â€“ just genuinely curious about your current challenges and happy to offer insights.
",Developer Docs Audit,40,Tech/SaaS,Launch,https://www.producthunt.com/r/p/1073763?app_id=339
,Quick question about Fix Ugly PowerPoint by CubeOne's digital strategy,"Hi,

I've been following Fix Ugly PowerPoint by CubeOne and love what you're doing in Tech/SaaS.

I'm reaching out because we work with companies like yours to build web experiences that actually drive business results. We're ElevatedPixels â€“ a web development studio that bridges the gap between great design and solid engineering.

What sets us apart:
â€¢ We don't just build websites; we engineer digital ecosystems
â€¢ Modern tech stack (React, Vue, WebGL) for speed and scalability
â€¢ Strategy-first approach â€“ form follows function

Quick question: Are you currently happy with your website's performance and conversion rates?

If not, I'd love to share how we've helped similar companies in Tech/SaaS:
âœ“ 50%+ faster load times
âœ“ 2x improvement in user retention
âœ“ 100% scalable architecture

Would a quick 15-minute call make sense to explore potential synergies?

Best,
Jeet & Prince
ElevatedPixels
https://elevatedpixels.app

P.S. No sales pitch â€“ just genuinely curious about your current challenges and happy to offer insights.
",Fix Ugly PowerPoint by CubeOne,40,Tech/SaaS,Launch,https://www.producthunt.com/r/p/1071410?app_id=339
,Quick question about LIAM's digital strategy,"Hi,

I've been following LIAM and love what you're doing in Tech/SaaS.

I'm reaching out because we work with companies like yours to build web experiences that actually drive business results. We're ElevatedPixels â€“ a web development studio that bridges the gap between great design and solid engineering.

What sets us apart:
â€¢ We don't just build websites; we engineer digital ecosystems
â€¢ Modern tech stack (React, Vue, WebGL) for speed and scalability
â€¢ Strategy-first approach â€“ form follows function

Quick question: Are you currently happy with your website's performance and conversion rates?

If not, I'd love to share how we've helped similar companies in Tech/SaaS:
âœ“ 50%+ faster load times
âœ“ 2x improvement in user retention
âœ“ 100% scalable architecture

Would a quick 15-minute call make sense to explore potential synergies?

Best,
Jeet & Prince
ElevatedPixels
https://elevatedpixels.app

P.S. No sales pitch â€“ just genuinely curious about your current challenges and happy to offer insights.
",LIAM,40,Tech/SaaS,Launch,https://www.producthunt.com/r/p/1074959?app_id=339
,Quick question about Felsius's digital strategy,"Hi,

I've been following Felsius and love what you're doing in Tech/SaaS.

I'm reaching out because we work with companies like yours to build web experiences that actually drive business results. We're ElevatedPixels â€“ a web development studio that bridges the gap between great design and solid engineering.

What sets us apart:
â€¢ We don't just build websites; we engineer digital ecosystems
â€¢ Modern tech stack (React, Vue, WebGL) for speed and scalability
â€¢ Strategy-first approach â€“ form follows function

Quick question: Are you currently happy with your website's performance and conversion rates?

If not, I'd love to share how we've helped similar companies in Tech/SaaS:
âœ“ 50%+ faster load times
âœ“ 2x improvement in user retention
âœ“ 100% scalable architecture

Would a quick 15-minute call make sense to explore potential synergies?

Best,
Jeet & Prince
ElevatedPixels
https://elevatedpixels.app

P.S. No sales pitch â€“ just genuinely curious about your current challenges and happy to offer insights.
",Felsius,40,Tech/SaaS,Launch,https://www.producthunt.com/r/p/1075373?app_id=339
,Quick question about Skillkit's digital strategy,"Hi,

I've been following Skillkit and love what you're doing in Tech/SaaS.

I'm reaching out because we work with companies like yours to build web experiences that actually drive business results. We're ElevatedPixels â€“ a web development studio that bridges the gap between great design and solid engineering.

What sets us apart:
â€¢ We don't just build websites; we engineer digital ecosystems
â€¢ Modern tech stack (React, Vue, WebGL) for speed and scalability
â€¢ Strategy-first approach â€“ form follows function

Quick question: Are you currently happy with your website's performance and conversion rates?

If not, I'd love to share how we've helped similar companies in Tech/SaaS:
âœ“ 50%+ faster load times
âœ“ 2x improvement in user retention
âœ“ 100% scalable architecture

Would a quick 15-minute call make sense to explore potential synergies?

Best,
Jeet & Prince
ElevatedPixels
https://elevatedpixels.app

P.S. No sales pitch â€“ just genuinely curious about your current challenges and happy to offer insights.
",Skillkit,40,Tech/SaaS,Launch,https://www.producthunt.com/r/p/1071813?app_id=339
,PinMe + ElevatedPixels?,"Hi,

I've been following PinMe and love what you're doing in Tech/SaaS.

I'm reaching out because we work with companies like yours to build web experiences that actually drive business results. We're ElevatedPixels â€“ a web development studio that bridges the gap between great design and solid engineering.

What sets us apart:
â€¢ We don't just build websites; we engineer digital ecosystems
â€¢ Modern tech stack (React, Vue, WebGL) for speed and scalability
â€¢ Strategy-first approach â€“ form follows function

Quick question: Are you currently happy with your website's performance and conversion rates?

If not, I'd love to share how we've helped similar companies in Tech/SaaS:
âœ“ 50%+ faster load times
âœ“ 2x improvement in user retention
âœ“ 100% scalable architecture

Would a quick 15-minute call make sense to explore potential synergies?

Best,
Jeet & Prince
ElevatedPixels
https://elevatedpixels.app

P.S. No sales pitch â€“ just genuinely curious about your current challenges and happy to offer insights.
",PinMe,40,Tech/SaaS,Launch,https://www.producthunt.com/r/p/1069841?app_id=339
,Building better web experiences for Tech/SaaS companies,"Hi,

I've been following Melina Studio  and love what you're doing in Tech/SaaS.

I'm reaching out because we work with companies like yours to build web experiences that actually drive business results. We're ElevatedPixels â€“ a web development studio that bridges the gap between great design and solid engineering.

What sets us apart:
â€¢ We don't just build websites; we engineer digital ecosystems
â€¢ Modern tech stack (React, Vue, WebGL) for speed and scalability
â€¢ Strategy-first approach â€“ form follows function

Quick question: Are you currently happy with your website's performance and conversion rates?

If not, I'd love to share how we've helped similar companies in Tech/SaaS:
âœ“ 50%+ faster load times
âœ“ 2x improvement in user retention
âœ“ 100% scalable architecture

Would a quick 15-minute call make sense to explore potential synergies?

Best,
Jeet & Prince
ElevatedPixels
https://elevatedpixels.app

P.S. No sales pitch â€“ just genuinely curious about your current challenges and happy to offer insights.
",Melina Studio ,40,Tech/SaaS,Launch,https://www.producthunt.com/r/p/1068430?app_id=339
,Quick question about UX HeatGrid's digital strategy,"Hi,

I've been following UX HeatGrid and love what you're doing in Tech/SaaS.

I'm reaching out because we work with companies like yours to build web experiences that actually drive business results. We're ElevatedPixels â€“ a web development studio that bridges the gap between great design and solid engineering.

What sets us apart:
â€¢ We don't just build websites; we engineer digital ecosystems
â€¢ Modern tech stack (React, Vue, WebGL) for speed and scalability
â€¢ Strategy-first approach â€“ form follows function

Quick question: Are you currently happy with your website's performance and conversion rates?

If not, I'd love to share how we've helped similar companies in Tech/SaaS:
âœ“ 50%+ faster load times
âœ“ 2x improvement in user retention
âœ“ 100% scalable architecture

Would a quick 15-minute call make sense to explore potential synergies?

Best,
Jeet & Prince
ElevatedPixels
https://elevatedpixels.app

P.S. No sales pitch â€“ just genuinely curious about your current challenges and happy to offer insights.
",UX HeatGrid,40,Tech/SaaS,Launch,https://www.producthunt.com/r/p/1074210?app_id=339
,Quash + ElevatedPixels?,"Hi,

I've been following Quash and love what you're doing in Tech/SaaS.

I'm reaching out because we work with companies like yours to build web experiences that actually drive business results. We're ElevatedPixels â€“ a web development studio that bridges the gap between great design and solid engineering.

What sets us apart:
â€¢ We don't just build websites; we engineer digital ecosystems
â€¢ Modern tech stack (React, Vue, WebGL) for speed and scalability
â€¢ Strategy-first approach â€“ form follows function

Quick question: Are you currently happy with your website's performance and conversion rates?

If not, I'd love to share how we've helped similar companies in Tech/SaaS:
âœ“ 50%+ faster load times
âœ“ 2x improvement in user retention
âœ“ 100% scalable architecture

Would a quick 15-minute call make sense to explore potential synergies?

Best,
Jeet & Prince
ElevatedPixels
https://elevatedpixels.app

P.S. No sales pitch â€“ just genuinely curious about your current challenges and happy to offer insights.
",Quash,40,Tech/SaaS,Launch,https://www.producthunt.com/r/p/1075021?app_id=339
,Nativeline + ElevatedPixels?,"Hi,

I've been following Nativeline and love what you're doing in Tech/SaaS.

I'm reaching out because we work with companies like yours to build web experiences that actually drive business results. We're ElevatedPixels â€“ a web development studio that bridges the gap between great design and solid engineering.

What sets us apart:
â€¢ We don't just build websites; we engineer digital ecosystems
â€¢ Modern tech stack (React, Vue, WebGL) for speed and scalability
â€¢ Strategy-first approach â€“ form follows function

Quick question: Are you currently happy with your website's performance and conversion rates?

If not, I'd love to share how we've helped similar companies in Tech/SaaS:
âœ“ 50%+ faster load times
âœ“ 2x improvement in user retention
âœ“ 100% scalable architecture

Would a quick 15-minute call make sense to explore potential synergies?

Best,
Jeet & Prince
ElevatedPixels
https://elevatedpixels.app

P.S. No sales pitch â€“ just genuinely curious about your current challenges and happy to offer insights.
",Nativeline,40,Tech/SaaS,Launch,https://www.producthunt.com/r/p/1074948?app_id=339
,Obooko + ElevatedPixels?,"Hi,

I've been following Obooko and love what you're doing in Tech/SaaS.

I'm reaching out because we work with companies like yours to build web experiences that actually drive business results. We're ElevatedPixels â€“ a web development studio that bridges the gap between great design and solid engineering.

What sets us apart:
â€¢ We don't just build websites; we engineer digital ecosystems
â€¢ Modern tech stack (React, Vue, WebGL) for speed and scalability
â€¢ Strategy-first approach â€“ form follows function

Quick question: Are you currently happy with your website's performance and conversion rates?

If not, I'd love to share how we've helped similar companies in Tech/SaaS:
âœ“ 50%+ faster load times
âœ“ 2x improvement in user retention
âœ“ 100% scalable architecture

Would a quick 15-minute call make sense to explore potential synergies?

Best,
Jeet & Prince
ElevatedPixels
https://elevatedpixels.app

P.S. No sales pitch â€“ just genuinely curious about your current challenges and happy to offer insights.
",Obooko,40,Tech/SaaS,Launch,https://www.producthunt.com/r/p/1072004?app_id=339
,Quick question about InspireNote's digital strategy,"Hi,

I've been following InspireNote and love what you're doing in Tech/SaaS.

I'm reaching out because we work with companies like yours to build web experiences that actually drive business results. We're ElevatedPixels â€“ a web development studio that bridges the gap between great design and solid engineering.

What sets us apart:
â€¢ We don't just build websites; we engineer digital ecosystems
â€¢ Modern tech stack (React, Vue, WebGL) for speed and scalability
â€¢ Strategy-first approach â€“ form follows function

Quick question: Are you currently happy with your website's performance and conversion rates?

If not, I'd love to share how we've helped similar companies in Tech/SaaS:
âœ“ 50%+ faster load times
âœ“ 2x improvement in user retention
âœ“ 100% scalable architecture

Would a quick 15-minute call make sense to explore potential synergies?

Best,
Jeet & Prince
ElevatedPixels
https://elevatedpixels.app

P.S. No sales pitch â€“ just genuinely curious about your current challenges and happy to offer insights.
",InspireNote,40,Tech/SaaS,Launch,https://www.producthunt.com/r/p/1072541?app_id=339
,Quick question about NeuroBlock's digital strategy,"Hi,

I've been following NeuroBlock and love what you're doing in Tech/SaaS.

I'm reaching out because we work with companies like yours to build web experiences that actually drive business results. We're ElevatedPixels â€“ a web development studio that bridges the gap between great design and solid engineering.

What sets us apart:
â€¢ We don't just build websites; we engineer digital ecosystems
â€¢ Modern tech stack (React, Vue, WebGL) for speed and scalability
â€¢ Strategy-first approach â€“ form follows function

Quick question: Are you currently happy with your website's performance and conversion rates?

If not, I'd love to share how we've helped similar companies in Tech/SaaS:
âœ“ 50%+ faster load times
âœ“ 2x improvement in user retention
âœ“ 100% scalable architecture

Would a quick 15-minute call make sense to explore potential synergies?

Best,
Jeet & Prince
ElevatedPixels
https://elevatedpixels.app

P.S. No sales pitch â€“ just genuinely curious about your current challenges and happy to offer insights.
",NeuroBlock,40,Tech/SaaS,Launch,https://www.producthunt.com/r/p/1068356?app_id=339
,Building better web experiences for Tech/SaaS companies,"Hi,

I've been following Gravity DMG and love what you're doing in Tech/SaaS.

I'm reaching out because we work with companies like yours to build web experiences that actually drive business results. We're ElevatedPixels â€“ a web development studio that bridges the gap between great design and solid engineering.

What sets us apart:
â€¢ We don't just build websites; we engineer digital ecosystems
â€¢ Modern tech stack (React, Vue, WebGL) for speed and scalability
â€¢ Strategy-first approach â€“ form follows function

Quick question: Are you currently happy with your website's performance and conversion rates?

If not, I'd love to share how we've helped similar companies in Tech/SaaS:
âœ“ 50%+ faster load times
âœ“ 2x improvement in user retention
âœ“ 100% scalable architecture

Would a quick 15-minute call make sense to explore potential synergies?

Best,
Jeet & Prince
ElevatedPixels
https://elevatedpixels.app

P.S. No sales pitch â€“ just genuinely curious about your current challenges and happy to offer insights.
",Gravity DMG,40,Tech/SaaS,Launch,https://www.producthunt.com/r/p/1075045?app_id=339
,Quick question about VVTerm's digital strategy,"Hi,

I've been following VVTerm and love what you're doing in Tech/SaaS.

I'm reaching out because we work with companies like yours to build web experiences that actually drive business results. We're ElevatedPixels â€“ a web development studio that bridges the gap between great design and solid engineering.

What sets us apart:
â€¢ We don't just build websites; we engineer digital ecosystems
â€¢ Modern tech stack (React, Vue, WebGL) for speed and scalability
â€¢ Strategy-first approach â€“ form follows function

Quick question: Are you currently happy with your website's performance and conversion rates?

If not, I'd love to share how we've helped similar companies in Tech/SaaS:
âœ“ 50%+ faster load times
âœ“ 2x improvement in user retention
âœ“ 100% scalable architecture

Would a quick 15-minute call make sense to explore potential synergies?

Best,
Jeet & Prince
ElevatedPixels
https://elevatedpixels.app

P.S. No sales pitch â€“ just genuinely curious about your current challenges and happy to offer insights.
",VVTerm,40,Tech/SaaS,Launch,https://www.producthunt.com/r/p/1064959?app_id=339
,Building better web experiences for Tech/SaaS companies,"Hi,

I've been following GesturePresent and love what you're doing in Tech/SaaS.

I'm reaching out because we work with companies like yours to build web experiences that actually drive business results. We're ElevatedPixels â€“ a web development studio that bridges the gap between great design and solid engineering.

What sets us apart:
â€¢ We don't just build websites; we engineer digital ecosystems
â€¢ Modern tech stack (React, Vue, WebGL) for speed and scalability
â€¢ Strategy-first approach â€“ form follows function

Quick question: Are you currently happy with your website's performance and conversion rates?

If not, I'd love to share how we've helped similar companies in Tech/SaaS:
âœ“ 50%+ faster load times
âœ“ 2x improvement in user retention
âœ“ 100% scalable architecture

Would a quick 15-minute call make sense to explore potential synergies?

Best,
Jeet & Prince
ElevatedPixels
https://elevatedpixels.app

P.S. No sales pitch â€“ just genuinely curious about your current challenges and happy to offer insights.
",GesturePresent,40,Tech/SaaS,Launch,https://www.producthunt.com/r/p/1073811?app_id=339
,Building better web experiences for Tech/SaaS companies,"Hi,

I've been following Obi and love what you're doing in Tech/SaaS.

I'm reaching out because we work with companies like yours to build web experiences that actually drive business results. We're ElevatedPixels â€“ a web development studio that bridges the gap between great design and solid engineering.

What sets us apart:
â€¢ We don't just build websites; we engineer digital ecosystems
â€¢ Modern tech stack (React, Vue, WebGL) for speed and scalability
â€¢ Strategy-first approach â€“ form follows function

Quick question: Are you currently happy with your website's performance and conversion rates?

If not, I'd love to share how we've helped similar companies in Tech/SaaS:
âœ“ 50%+ faster load times
âœ“ 2x improvement in user retention
âœ“ 100% scalable architecture

Would a quick 15-minute call make sense to explore potential synergies?

Best,
Jeet & Prince
ElevatedPixels
https://elevatedpixels.app

P.S. No sales pitch â€“ just genuinely curious about your current challenges and happy to offer insights.
",Obi,40,Tech/SaaS,Launch,https://www.producthunt.com/r/p/1067336?app_id=339
,Model Council in Perplexity + ElevatedPixels?,"Hi,

I've been following Model Council in Perplexity and love what you're doing in Tech/SaaS.

I'm reaching out because we work with companies like yours to build web experiences that actually drive business results. We're ElevatedPixels â€“ a web development studio that bridges the gap between great design and solid engineering.

What sets us apart:
â€¢ We don't just build websites; we engineer digital ecosystems
â€¢ Modern tech stack (React, Vue, WebGL) for speed and scalability
â€¢ Strategy-first approach â€“ form follows function

Quick question: Are you currently happy with your website's performance and conversion rates?

If not, I'd love to share how we've helped similar companies in Tech/SaaS:
âœ“ 50%+ faster load times
âœ“ 2x improvement in user retention
âœ“ 100% scalable architecture

Would a quick 15-minute call make sense to explore potential synergies?

Best,
Jeet & Prince
ElevatedPixels
https://elevatedpixels.app

P.S. No sales pitch â€“ just genuinely curious about your current challenges and happy to offer insights.
",Model Council in Perplexity,40,Tech/SaaS,Launch,https://www.producthunt.com/r/p/1074804?app_id=339
,Building better web experiences for Tech/SaaS companies,"Hi,

I've been following Clema  and love what you're doing in Tech/SaaS.

I'm reaching out because we work with companies like yours to build web experiences that actually drive business results. We're ElevatedPixels â€“ a web development studio that bridges the gap between great design and solid engineering.

What sets us apart:
â€¢ We don't just build websites; we engineer digital ecosystems
â€¢ Modern tech stack (React, Vue, WebGL) for speed and scalability
â€¢ Strategy-first approach â€“ form follows function

Quick question: Are you currently happy with your website's performance and conversion rates?

If not, I'd love to share how we've helped similar companies in Tech/SaaS:
âœ“ 50%+ faster load times
âœ“ 2x improvement in user retention
âœ“ 100% scalable architecture

Would a quick 15-minute call make sense to explore potential synergies?

Best,
Jeet & Prince
ElevatedPixels
https://elevatedpixels.app

P.S. No sales pitch â€“ just genuinely curious about your current challenges and happy to offer insights.
",Clema ,40,Tech/SaaS,Launch,https://www.producthunt.com/r/p/1068748?app_id=339
,Building better web experiences for Tech/SaaS companies,"Hi,

I've been following Chamber: Autopilot for AI Infrastructure and love what you're doing in Tech/SaaS.

I'm reaching out because we work with companies like yours to build web experiences that actually drive business results. We're ElevatedPixels â€“ a web development studio that bridges the gap between great design and solid engineering.

What sets us apart:
â€¢ We don't just build websites; we engineer digital ecosystems
â€¢ Modern tech stack (React, Vue, WebGL) for speed and scalability
â€¢ Strategy-first approach â€“ form follows function

Quick question: Are you currently happy with your website's performance and conversion rates?

If not, I'd love to share how we've helped similar companies in Tech/SaaS:
âœ“ 50%+ faster load times
âœ“ 2x improvement in user retention
âœ“ 100% scalable architecture

Would a quick 15-minute call make sense to explore potential synergies?

Best,
Jeet & Prince
ElevatedPixels
https://elevatedpixels.app

P.S. No sales pitch â€“ just genuinely curious about your current challenges and happy to offer insights.
",Chamber: Autopilot for AI Infrastructure,40,Tech/SaaS,Launch,https://www.producthunt.com/r/p/1072569?app_id=339
,Building better web experiences for Tech/SaaS companies,"Hi,

I've been following Claude Opus 4.6 and love what you're doing in Tech/SaaS.

I'm reaching out because we work with companies like yours to build web experiences that actually drive business results. We're ElevatedPixels â€“ a web development studio that bridges the gap between great design and solid engineering.

What sets us apart:
â€¢ We don't just build websites; we engineer digital ecosystems
â€¢ Modern tech stack (React, Vue, WebGL) for speed and scalability
â€¢ Strategy-first approach â€“ form follows function

Quick question: Are you currently happy with your website's performance and conversion rates?

If not, I'd love to share how we've helped similar companies in Tech/SaaS:
âœ“ 50%+ faster load times
âœ“ 2x improvement in user retention
âœ“ 100% scalable architecture

Would a quick 15-minute call make sense to explore potential synergies?

Best,
Jeet & Prince
ElevatedPixels
https://elevatedpixels.app

P.S. No sales pitch â€“ just genuinely curious about your current challenges and happy to offer insights.
",Claude Opus 4.6,40,Tech/SaaS,Launch,https://www.producthunt.com/r/p/1074139?app_id=339
,Quick question about Echolon's digital strategy,"Hi,

I've been following Echolon and love what you're doing in Tech/SaaS.

I'm reaching out because we work with companies like yours to build web experiences that actually drive business results. We're ElevatedPixels â€“ a web development studio that bridges the gap between great design and solid engineering.

What sets us apart:
â€¢ We don't just build websites; we engineer digital ecosystems
â€¢ Modern tech stack (React, Vue, WebGL) for speed and scalability
â€¢ Strategy-first approach â€“ form follows function

Quick question: Are you currently happy with your website's performance and conversion rates?

If not, I'd love to share how we've helped similar companies in Tech/SaaS:
âœ“ 50%+ faster load times
âœ“ 2x improvement in user retention
âœ“ 100% scalable architecture

Would a quick 15-minute call make sense to explore potential synergies?

Best,
Jeet & Prince
ElevatedPixels
https://elevatedpixels.app

P.S. No sales pitch â€“ just genuinely curious about your current challenges and happy to offer insights.
",Echolon,40,Tech/SaaS,Launch,https://www.producthunt.com/r/p/1071124?app_id=339
,Quick question about Commentblocks's digital strategy,"Hi,

I've been following Commentblocks and love what you're doing in Tech/SaaS.

I'm reaching out because we work with companies like yours to build web experiences that actually drive business results. We're ElevatedPixels â€“ a web development studio that bridges the gap between great design and solid engineering.

What sets us apart:
â€¢ We don't just build websites; we engineer digital ecosystems
â€¢ Modern tech stack (React, Vue, WebGL) for speed and scalability
â€¢ Strategy-first approach â€“ form follows function

Quick question: Are you currently happy with your website's performance and conversion rates?

If not, I'd love to share how we've helped similar companies in Tech/SaaS:
âœ“ 50%+ faster load times
âœ“ 2x improvement in user retention
âœ“ 100% scalable architecture

Would a quick 15-minute call make sense to explore potential synergies?

Best,
Jeet & Prince
ElevatedPixels
https://elevatedpixels.app

P.S. No sales pitch â€“ just genuinely curious about your current challenges and happy to offer insights.
",Commentblocks,40,Tech/SaaS,Launch,https://www.producthunt.com/r/p/1071875?app_id=339
,Building better web experiences for Tech/SaaS companies,"Hi,

I've been following Y Bombinator and love what you're doing in Tech/SaaS.

I'm reaching out because we work with companies like yours to build web experiences that actually drive business results. We're ElevatedPixels â€“ a web development studio that bridges the gap between great design and solid engineering.

What sets us apart:
â€¢ We don't just build websites; we engineer digital ecosystems
â€¢ Modern tech stack (React, Vue, WebGL) for speed and scalability
â€¢ Strategy-first approach â€“ form follows function

Quick question: Are you currently happy with your website's performance and conversion rates?

If not, I'd love to share how we've helped similar companies in Tech/SaaS:
âœ“ 50%+ faster load times
âœ“ 2x improvement in user retention
âœ“ 100% scalable architecture

Would a quick 15-minute call make sense to explore potential synergies?

Best,
Jeet & Prince
ElevatedPixels
https://elevatedpixels.app

P.S. No sales pitch â€“ just genuinely curious about your current challenges and happy to offer insights.
",Y Bombinator,40,Tech/SaaS,Launch,https://www.producthunt.com/r/p/1073471?app_id=339
,Building better web experiences for Tech/SaaS companies,"Hi,

I've been following ClawApp and love what you're doing in Tech/SaaS.

I'm reaching out because we work with companies like yours to build web experiences that actually drive business results. We're ElevatedPixels â€“ a web development studio that bridges the gap between great design and solid engineering.

What sets us apart:
â€¢ We don't just build websites; we engineer digital ecosystems
â€¢ Modern tech stack (React, Vue, WebGL) for speed and scalability
â€¢ Strategy-first approach â€“ form follows function

Quick question: Are you currently happy with your website's performance and conversion rates?

If not, I'd love to share how we've helped similar companies in Tech/SaaS:
âœ“ 50%+ faster load times
âœ“ 2x improvement in user retention
âœ“ 100% scalable architecture

Would a quick 15-minute call make sense to explore potential synergies?

Best,
Jeet & Prince
ElevatedPixels
https://elevatedpixels.app

P.S. No sales pitch â€“ just genuinely curious about your current challenges and happy to offer insights.
",ClawApp,40,Tech/SaaS,Launch,https://www.producthunt.com/r/p/1074167?app_id=339
,Claw And Order + ElevatedPixels?,"Hi,

I've been following Claw And Order and love what you're doing in Tech/SaaS.

I'm reaching out because we work with companies like yours to build web experiences that actually drive business results. We're ElevatedPixels â€“ a web development studio that bridges the gap between great design and solid engineering.

What sets us apart:
â€¢ We don't just build websites; we engineer digital ecosystems
â€¢ Modern tech stack (React, Vue, WebGL) for speed and scalability
â€¢ Strategy-first approach â€“ form follows function

Quick question: Are you currently happy with your website's performance and conversion rates?

If not, I'd love to share how we've helped similar companies in Tech/SaaS:
âœ“ 50%+ faster load times
âœ“ 2x improvement in user retention
âœ“ 100% scalable architecture

Would a quick 15-minute call make sense to explore potential synergies?

Best,
Jeet & Prince
ElevatedPixels
https://elevatedpixels.app

P.S. No sales pitch â€“ just genuinely curious about your current challenges and happy to offer insights.
",Claw And Order,40,Tech/SaaS,Launch,https://www.producthunt.com/r/p/1073983?app_id=339
,Building better web experiences for Tech/SaaS companies,"Hi,

I've been following BetterBugs MCP and love what you're doing in Tech/SaaS.

I'm reaching out because we work with companies like yours to build web experiences that actually drive business results. We're ElevatedPixels â€“ a web development studio that bridges the gap between great design and solid engineering.

What sets us apart:
â€¢ We don't just build websites; we engineer digital ecosystems
â€¢ Modern tech stack (React, Vue, WebGL) for speed and scalability
â€¢ Strategy-first approach â€“ form follows function

Quick question: Are you currently happy with your website's performance and conversion rates?

If not, I'd love to share how we've helped similar companies in Tech/SaaS:
âœ“ 50%+ faster load times
âœ“ 2x improvement in user retention
âœ“ 100% scalable architecture

Would a quick 15-minute call make sense to explore potential synergies?

Best,
Jeet & Prince
ElevatedPixels
https://elevatedpixels.app

P.S. No sales pitch â€“ just genuinely curious about your current challenges and happy to offer insights.
",BetterBugs MCP,40,Tech/SaaS,Launch,https://www.producthunt.com/r/p/1072854?app_id=339
,Quick question about Lums's digital strategy,"Hi,

I've been following Lums and love what you're doing in Tech/SaaS.

I'm reaching out because we work with companies like yours to build web experiences that actually drive business results. We're ElevatedPixels â€“ a web development studio that bridges the gap between great design and solid engineering.

What sets us apart:
â€¢ We don't just build websites; we engineer digital ecosystems
â€¢ Modern tech stack (React, Vue, WebGL) for speed and scalability
â€¢ Strategy-first approach â€“ form follows function

Quick question: Are you currently happy with your website's performance and conversion rates?

If not, I'd love to share how we've helped similar companies in Tech/SaaS:
âœ“ 50%+ faster load times
âœ“ 2x improvement in user retention
âœ“ 100% scalable architecture

Would a quick 15-minute call make sense to explore potential synergies?

Best,
Jeet & Prince
ElevatedPixels
https://elevatedpixels.app

P.S. No sales pitch â€“ just genuinely curious about your current challenges and happy to offer insights.
",Lums,40,Tech/SaaS,Launch,https://www.producthunt.com/r/p/1016623?app_id=339
,Overlead + ElevatedPixels?,"Hi,

I've been following Overlead and love what you're doing in Tech/SaaS.

I'm reaching out because we work with companies like yours to build web experiences that actually drive business results. We're ElevatedPixels â€“ a web development studio that bridges the gap between great design and solid engineering.

What sets us apart:
â€¢ We don't just build websites; we engineer digital ecosystems
â€¢ Modern tech stack (React, Vue, WebGL) for speed and scalability
â€¢ Strategy-first approach â€“ form follows function

Quick question: Are you currently happy with your website's performance and conversion rates?

If not, I'd love to share how we've helped similar companies in Tech/SaaS:
âœ“ 50%+ faster load times
âœ“ 2x improvement in user retention
âœ“ 100% scalable architecture

Would a quick 15-minute call make sense to explore potential synergies?

Best,
Jeet & Prince
ElevatedPixels
https://elevatedpixels.app

P.S. No sales pitch â€“ just genuinely curious about your current challenges and happy to offer insights.
",Overlead,40,Tech/SaaS,Launch,https://www.producthunt.com/r/p/1073886?app_id=339
,Magic Lasso Adblock for Apple TV + ElevatedPixels?,"Hi,

I've been following Magic Lasso Adblock for Apple TV and love what you're doing in Tech/SaaS.

I'm reaching out because we work with companies like yours to build web experiences that actually drive business results. We're ElevatedPixels â€“ a web development studio that bridges the gap between great design and solid engineering.

What sets us apart:
â€¢ We don't just build websites; we engineer digital ecosystems
â€¢ Modern tech stack (React, Vue, WebGL) for speed and scalability
â€¢ Strategy-first approach â€“ form follows function

Quick question: Are you currently happy with your website's performance and conversion rates?

If not, I'd love to share how we've helped similar companies in Tech/SaaS:
âœ“ 50%+ faster load times
âœ“ 2x improvement in user retention
âœ“ 100% scalable architecture

Would a quick 15-minute call make sense to explore potential synergies?

Best,
Jeet & Prince
ElevatedPixels
https://elevatedpixels.app

P.S. No sales pitch â€“ just genuinely curious about your current challenges and happy to offer insights.
",Magic Lasso Adblock for Apple TV,40,Tech/SaaS,Launch,https://www.producthunt.com/r/p/1073140?app_id=339
,Building better web experiences for Tech/SaaS companies,"Hi,

I've been following GPT-5.3-Codex and love what you're doing in Tech/SaaS.

I'm reaching out because we work with companies like yours to build web experiences that actually drive business results. We're ElevatedPixels â€“ a web development studio that bridges the gap between great design and solid engineering.

What sets us apart:
â€¢ We don't just build websites; we engineer digital ecosystems
â€¢ Modern tech stack (React, Vue, WebGL) for speed and scalability
â€¢ Strategy-first approach â€“ form follows function

Quick question: Are you currently happy with your website's performance and conversion rates?

If not, I'd love to share how we've helped similar companies in Tech/SaaS:
âœ“ 50%+ faster load times
âœ“ 2x improvement in user retention
âœ“ 100% scalable architecture

Would a quick 15-minute call make sense to explore potential synergies?

Best,
Jeet & Prince
ElevatedPixels
https://elevatedpixels.app

P.S. No sales pitch â€“ just genuinely curious about your current challenges and happy to offer insights.
",GPT-5.3-Codex,40,Tech/SaaS,Launch,https://www.producthunt.com/r/p/1074633?app_id=339
,Quick question about NervePay's digital strategy,"Hi,

I've been following NervePay and love what you're doing in Tech/SaaS.

I'm reaching out because we work with companies like yours to build web experiences that actually drive business results. We're ElevatedPixels â€“ a web development studio that bridges the gap between great design and solid engineering.

What sets us apart:
â€¢ We don't just build websites; we engineer digital ecosystems
â€¢ Modern tech stack (React, Vue, WebGL) for speed and scalability
â€¢ Strategy-first approach â€“ form follows function

Quick question: Are you currently happy with your website's performance and conversion rates?

If not, I'd love to share how we've helped similar companies in Tech/SaaS:
âœ“ 50%+ faster load times
âœ“ 2x improvement in user retention
âœ“ 100% scalable architecture

Would a quick 15-minute call make sense to explore potential synergies?

Best,
Jeet & Prince
ElevatedPixels
https://elevatedpixels.app

P.S. No sales pitch â€“ just genuinely curious about your current challenges and happy to offer insights.
",NervePay,40,Tech/SaaS,Launch,https://www.producthunt.com/r/p/1074069?app_id=339
,Building better web experiences for Tech/SaaS companies,"Hi,

I've been following Field Theory and love what you're doing in Tech/SaaS.

I'm reaching out because we work with companies like yours to build web experiences that actually drive business results. We're ElevatedPixels â€“ a web development studio that bridges the gap between great design and solid engineering.

What sets us apart:
â€¢ We don't just build websites; we engineer digital ecosystems
â€¢ Modern tech stack (React, Vue, WebGL) for speed and scalability
â€¢ Strategy-first approach â€“ form follows function

Quick question: Are you currently happy with your website's performance and conversion rates?

If not, I'd love to share how we've helped similar companies in Tech/SaaS:
âœ“ 50%+ faster load times
âœ“ 2x improvement in user retention
âœ“ 100% scalable architecture

Would a quick 15-minute call make sense to explore potential synergies?

Best,
Jeet & Prince
ElevatedPixels
https://elevatedpixels.app

P.S. No sales pitch â€“ just genuinely curious about your current challenges and happy to offer insights.
",Field Theory,40,Tech/SaaS,Launch,https://www.producthunt.com/r/p/1074214?app_id=339
,Quick question about Orange Slice's digital strategy,"Hi,

I've been following Orange Slice and love what you're doing in Tech/SaaS.

I'm reaching out because we work with companies like yours to build web experiences that actually drive business results. We're ElevatedPixels â€“ a web development studio that bridges the gap between great design and solid engineering.

What sets us apart:
â€¢ We don't just build websites; we engineer digital ecosystems
â€¢ Modern tech stack (React, Vue, WebGL) for speed and scalability
â€¢ Strategy-first approach â€“ form follows function

Quick question: Are you currently happy with your website's performance and conversion rates?

If not, I'd love to share how we've helped similar companies in Tech/SaaS:
âœ“ 50%+ faster load times
âœ“ 2x improvement in user retention
âœ“ 100% scalable architecture

Would a quick 15-minute call make sense to explore potential synergies?

Best,
Jeet & Prince
ElevatedPixels
https://elevatedpixels.app

P.S. No sales pitch â€“ just genuinely curious about your current challenges and happy to offer insights.
",Orange Slice,40,Tech/SaaS,Launch,https://www.producthunt.com/r/p/1074207?app_id=339
,Building better web experiences for Tech/SaaS companies,"Hi,

I've been following TabAI and love what you're doing in Tech/SaaS.

I'm reaching out because we work with companies like yours to build web experiences that actually drive business results. We're ElevatedPixels â€“ a web development studio that bridges the gap between great design and solid engineering.

What sets us apart:
â€¢ We don't just build websites; we engineer digital ecosystems
â€¢ Modern tech stack (React, Vue, WebGL) for speed and scalability
â€¢ Strategy-first approach â€“ form follows function

Quick question: Are you currently happy with your website's performance and conversion rates?

If not, I'd love to share how we've helped similar companies in Tech/SaaS:
âœ“ 50%+ faster load times
âœ“ 2x improvement in user retention
âœ“ 100% scalable architecture

Would a quick 15-minute call make sense to explore potential synergies?

Best,
Jeet & Prince
ElevatedPixels
https://elevatedpixels.app

P.S. No sales pitch â€“ just genuinely curious about your current challenges and happy to offer insights.
",TabAI,40,Tech/SaaS,Launch,https://www.producthunt.com/r/p/1071294?app_id=339
,RentAHuman.ai + ElevatedPixels?,"Hi,

I've been following RentAHuman.ai and love what you're doing in Tech/SaaS.

I'm reaching out because we work with companies like yours to build web experiences that actually drive business results. We're ElevatedPixels â€“ a web development studio that bridges the gap between great design and solid engineering.

What sets us apart:
â€¢ We don't just build websites; we engineer digital ecosystems
â€¢ Modern tech stack (React, Vue, WebGL) for speed and scalability
â€¢ Strategy-first approach â€“ form follows function

Quick question: Are you currently happy with your website's performance and conversion rates?

If not, I'd love to share how we've helped similar companies in Tech/SaaS:
âœ“ 50%+ faster load times
âœ“ 2x improvement in user retention
âœ“ 100% scalable architecture

Would a quick 15-minute call make sense to explore potential synergies?

Best,
Jeet & Prince
ElevatedPixels
https://elevatedpixels.app

P.S. No sales pitch â€“ just genuinely curious about your current challenges and happy to offer insights.
",RentAHuman.ai,40,Tech/SaaS,Launch,https://www.producthunt.com/r/p/1073904?app_id=339
,Molt Beach + ElevatedPixels?,"Hi,

I've been following Molt Beach and love what you're doing in Tech/SaaS.

I'm reaching out because we work with companies like yours to build web experiences that actually drive business results. We're ElevatedPixels â€“ a web development studio that bridges the gap between great design and solid engineering.

What sets us apart:
â€¢ We don't just build websites; we engineer digital ecosystems
â€¢ Modern tech stack (React, Vue, WebGL) for speed and scalability
â€¢ Strategy-first approach â€“ form follows function

Quick question: Are you currently happy with your website's performance and conversion rates?

If not, I'd love to share how we've helped similar companies in Tech/SaaS:
âœ“ 50%+ faster load times
âœ“ 2x improvement in user retention
âœ“ 100% scalable architecture

Would a quick 15-minute call make sense to explore potential synergies?

Best,
Jeet & Prince
ElevatedPixels
https://elevatedpixels.app

P.S. No sales pitch â€“ just genuinely curious about your current challenges and happy to offer insights.
",Molt Beach,40,Tech/SaaS,Launch,https://www.producthunt.com/r/p/1072493?app_id=339
,LoopSuite + ElevatedPixels?,"Hi,

I've been following LoopSuite and love what you're doing in Tech/SaaS.

I'm reaching out because we work with companies like yours to build web experiences that actually drive business results. We're ElevatedPixels â€“ a web development studio that bridges the gap between great design and solid engineering.

What sets us apart:
â€¢ We don't just build websites; we engineer digital ecosystems
â€¢ Modern tech stack (React, Vue, WebGL) for speed and scalability
â€¢ Strategy-first approach â€“ form follows function

Quick question: Are you currently happy with your website's performance and conversion rates?

If not, I'd love to share how we've helped similar companies in Tech/SaaS:
âœ“ 50%+ faster load times
âœ“ 2x improvement in user retention
âœ“ 100% scalable architecture

Would a quick 15-minute call make sense to explore potential synergies?

Best,
Jeet & Prince
ElevatedPixels
https://elevatedpixels.app

P.S. No sales pitch â€“ just genuinely curious about your current challenges and happy to offer insights.
",LoopSuite,40,Tech/SaaS,Launch,https://www.producthunt.com/r/p/1058666?app_id=339
,Quick question about ScreenSorts's digital strategy,"Hi,

I've been following ScreenSorts and love what you're doing in Tech/SaaS.

I'm reaching out because we work with companies like yours to build web experiences that actually drive business results. We're ElevatedPixels â€“ a web development studio that bridges the gap between great design and solid engineering.

What sets us apart:
â€¢ We don't just build websites; we engineer digital ecosystems
â€¢ Modern tech stack (React, Vue, WebGL) for speed and scalability
â€¢ Strategy-first approach â€“ form follows function

Quick question: Are you currently happy with your website's performance and conversion rates?

If not, I'd love to share how we've helped similar companies in Tech/SaaS:
âœ“ 50%+ faster load times
âœ“ 2x improvement in user retention
âœ“ 100% scalable architecture

Would a quick 15-minute call make sense to explore potential synergies?

Best,
Jeet & Prince
ElevatedPixels
https://elevatedpixels.app

P.S. No sales pitch â€“ just genuinely curious about your current challenges and happy to offer insights.
",ScreenSorts,40,Tech/SaaS,Launch,https://www.producthunt.com/r/p/1074127?app_id=339
,Building better web experiences for Tech/SaaS companies,"Hi,

I've been following CyphrKey and love what you're doing in Tech/SaaS.

I'm reaching out because we work with companies like yours to build web experiences that actually drive business results. We're ElevatedPixels â€“ a web development studio that bridges the gap between great design and solid engineering.

What sets us apart:
â€¢ We don't just build websites; we engineer digital ecosystems
â€¢ Modern tech stack (React, Vue, WebGL) for speed and scalability
â€¢ Strategy-first approach â€“ form follows function

Quick question: Are you currently happy with your website's performance and conversion rates?

If not, I'd love to share how we've helped similar companies in Tech/SaaS:
âœ“ 50%+ faster load times
âœ“ 2x improvement in user retention
âœ“ 100% scalable architecture

Would a quick 15-minute call make sense to explore potential synergies?

Best,
Jeet & Prince
ElevatedPixels
https://elevatedpixels.app

P.S. No sales pitch â€“ just genuinely curious about your current challenges and happy to offer insights.
",CyphrKey,40,Tech/SaaS,Launch,https://www.producthunt.com/r/p/1074227?app_id=339
,Quick question about BayesLab's digital strategy,"Hi,

I've been following BayesLab and love what you're doing in Tech/SaaS.

I'm reaching out because we work with companies like yours to build web experiences that actually drive business results. We're ElevatedPixels â€“ a web development studio that bridges the gap between great design and solid engineering.

What sets us apart:
â€¢ We don't just build websites; we engineer digital ecosystems
â€¢ Modern tech stack (React, Vue, WebGL) for speed and scalability
â€¢ Strategy-first approach â€“ form follows function

Quick question: Are you currently happy with your website's performance and conversion rates?

If not, I'd love to share how we've helped similar companies in Tech/SaaS:
âœ“ 50%+ faster load times
âœ“ 2x improvement in user retention
âœ“ 100% scalable architecture

Would a quick 15-minute call make sense to explore potential synergies?

Best,
Jeet & Prince
ElevatedPixels
https://elevatedpixels.app

P.S. No sales pitch â€“ just genuinely curious about your current challenges and happy to offer insights.
",BayesLab,40,Tech/SaaS,Launch,https://www.producthunt.com/r/p/1066908?app_id=339
,My Drawer + ElevatedPixels?,"Hi,

I've been following My Drawer and love what you're doing in Tech/SaaS.

I'm reaching out because we work with companies like yours to build web experiences that actually drive business results. We're ElevatedPixels â€“ a web development studio that bridges the gap between great design and solid engineering.

What sets us apart:
â€¢ We don't just build websites; we engineer digital ecosystems
â€¢ Modern tech stack (React, Vue, WebGL) for speed and scalability
â€¢ Strategy-first approach â€“ form follows function

Quick question: Are you currently happy with your website's performance and conversion rates?

If not, I'd love to share how we've helped similar companies in Tech/SaaS:
âœ“ 50%+ faster load times
âœ“ 2x improvement in user retention
âœ“ 100% scalable architecture

Would a quick 15-minute call make sense to explore potential synergies?

Best,
Jeet & Prince
ElevatedPixels
https://elevatedpixels.app

P.S. No sales pitch â€“ just genuinely curious about your current challenges and happy to offer insights.
",My Drawer,40,Tech/SaaS,Launch,https://www.producthunt.com/r/p/1074628?app_id=339
,InfoBlog + ElevatedPixels?,"Hi,

I've been following InfoBlog and love what you're doing in Tech/SaaS.

I'm reaching out because we work with companies like yours to build web experiences that actually drive business results. We're ElevatedPixels â€“ a web development studio that bridges the gap between great design and solid engineering.

What sets us apart:
â€¢ We don't just build websites; we engineer digital ecosystems
â€¢ Modern tech stack (React, Vue, WebGL) for speed and scalability
â€¢ Strategy-first approach â€“ form follows function

Quick question: Are you currently happy with your website's performance and conversion rates?

If not, I'd love to share how we've helped similar companies in Tech/SaaS:
âœ“ 50%+ faster load times
âœ“ 2x improvement in user retention
âœ“ 100% scalable architecture

Would a quick 15-minute call make sense to explore potential synergies?

Best,
Jeet & Prince
ElevatedPixels
https://elevatedpixels.app

P.S. No sales pitch â€“ just genuinely curious about your current challenges and happy to offer insights.
",InfoBlog,40,Tech/SaaS,Launch,https://www.producthunt.com/r/p/1069402?app_id=339
,Building better web experiences for Tech/SaaS companies,"Hi,

I've been following S3nding and love what you're doing in Tech/SaaS.

I'm reaching out because we work with companies like yours to build web experiences that actually drive business results. We're ElevatedPixels â€“ a web development studio that bridges the gap between great design and solid engineering.

What sets us apart:
â€¢ We don't just build websites; we engineer digital ecosystems
â€¢ Modern tech stack (React, Vue, WebGL) for speed and scalability
â€¢ Strategy-first approach â€“ form follows function

Quick question: Are you currently happy with your website's performance and conversion rates?

If not, I'd love to share how we've helped similar companies in Tech/SaaS:
âœ“ 50%+ faster load times
âœ“ 2x improvement in user retention
âœ“ 100% scalable architecture

Would a quick 15-minute call make sense to explore potential synergies?

Best,
Jeet & Prince
ElevatedPixels
https://elevatedpixels.app

P.S. No sales pitch â€“ just genuinely curious about your current challenges and happy to offer insights.
",S3nding,40,Tech/SaaS,Launch,https://www.producthunt.com/r/p/1074125?app_id=339
,Webflow AI site builder + ElevatedPixels?,"Hi,

I've been following Webflow AI site builder and love what you're doing in Tech/SaaS.

I'm reaching out because we work with companies like yours to build web experiences that actually drive business results. We're ElevatedPixels â€“ a web development studio that bridges the gap between great design and solid engineering.

What sets us apart:
â€¢ We don't just build websites; we engineer digital ecosystems
â€¢ Modern tech stack (React, Vue, WebGL) for speed and scalability
â€¢ Strategy-first approach â€“ form follows function

Quick question: Are you currently happy with your website's performance and conversion rates?

If not, I'd love to share how we've helped similar companies in Tech/SaaS:
âœ“ 50%+ faster load times
âœ“ 2x improvement in user retention
âœ“ 100% scalable architecture

Would a quick 15-minute call make sense to explore potential synergies?

Best,
Jeet & Prince
ElevatedPixels
https://elevatedpixels.app

P.S. No sales pitch â€“ just genuinely curious about your current challenges and happy to offer insights.
",Webflow AI site builder,40,Tech/SaaS,Launch,https://www.producthunt.com/r/p/1067260?app_id=339
,Building better web experiences for Tech/SaaS companies,"Hi,

I've been following GitHub Agent HQ and love what you're doing in Tech/SaaS.

I'm reaching out because we work with companies like yours to build web experiences that actually drive business results. We're ElevatedPixels â€“ a web development studio that bridges the gap between great design and solid engineering.

What sets us apart:
â€¢ We don't just build websites; we engineer digital ecosystems
â€¢ Modern tech stack (React, Vue, WebGL) for speed and scalability
â€¢ Strategy-first approach â€“ form follows function

Quick question: Are you currently happy with your website's performance and conversion rates?

If not, I'd love to share how we've helped similar companies in Tech/SaaS:
âœ“ 50%+ faster load times
âœ“ 2x improvement in user retention
âœ“ 100% scalable architecture

Would a quick 15-minute call make sense to explore potential synergies?

Best,
Jeet & Prince
ElevatedPixels
https://elevatedpixels.app

P.S. No sales pitch â€“ just genuinely curious about your current challenges and happy to offer insights.
",GitHub Agent HQ,40,Tech/SaaS,Launch,https://www.producthunt.com/r/p/1073718?app_id=339
,The new v0 + ElevatedPixels?,"Hi,

I've been following The new v0 and love what you're doing in Tech/SaaS.

I'm reaching out because we work with companies like yours to build web experiences that actually drive business results. We're ElevatedPixels â€“ a web development studio that bridges the gap between great design and solid engineering.

What sets us apart:
â€¢ We don't just build websites; we engineer digital ecosystems
â€¢ Modern tech stack (React, Vue, WebGL) for speed and scalability
â€¢ Strategy-first approach â€“ form follows function

Quick question: Are you currently happy with your website's performance and conversion rates?

If not, I'd love to share how we've helped similar companies in Tech/SaaS:
âœ“ 50%+ faster load times
âœ“ 2x improvement in user retention
âœ“ 100% scalable architecture

Would a quick 15-minute call make sense to explore potential synergies?

Best,
Jeet & Prince
ElevatedPixels
https://elevatedpixels.app

P.S. No sales pitch â€“ just genuinely curious about your current challenges and happy to offer insights.
",The new v0,40,Tech/SaaS,Launch,https://www.producthunt.com/r/p/1072251?app_id=339
,Quick question about PopAir's digital strategy,"Hi,

I've been following PopAir and love what you're doing in Tech/SaaS.

I'm reaching out because we work with companies like yours to build web experiences that actually drive business results. We're ElevatedPixels â€“ a web development studio that bridges the gap between great design and solid engineering.

What sets us apart:
â€¢ We don't just build websites; we engineer digital ecosystems
â€¢ Modern tech stack (React, Vue, WebGL) for speed and scalability
â€¢ Strategy-first approach â€“ form follows function

Quick question: Are you currently happy with your website's performance and conversion rates?

If not, I'd love to share how we've helped similar companies in Tech/SaaS:
âœ“ 50%+ faster load times
âœ“ 2x improvement in user retention
âœ“ 100% scalable architecture

Would a quick 15-minute call make sense to explore potential synergies?

Best,
Jeet & Prince
ElevatedPixels
https://elevatedpixels.app

P.S. No sales pitch â€“ just genuinely curious about your current challenges and happy to offer insights.
",PopAir,40,Tech/SaaS,Launch,https://www.producthunt.com/r/p/1072961?app_id=339
